{"version": 0, "mean": {"p (mbar)": 991.345859323885, "T (degC)": 6.352086695746998, "Tdew (degC)": 0.5213718647764448, "rh (%)": 68.74495419847342, "VPmax (mbar)": 10.151460196292271, "VPact (mbar)": 6.56924045801526, "VPdef (mbar)": 3.5821826608506053, "sh (g/kg)": 4.137879498364229, "rho (g/m**3)": 1232.9345736095927, "raining (s)": 23.99781897491821, "PAR (\u00b5mol/m\u00b2/s)": 219.4911046892047, "max. PAR (\u00b5mol/m\u00b2/s)": 258.86471810250816, "Tlog (degC)": 17.087618320610655, "CO2 (ppm)": 427.2797110141769, "Wx": -1.0764308525141868, "Wy": -0.5085177356577342, "max Wx": -1.751891745247935, "max Wy": -0.9407159186572042, "Day sin": -0.001417897019230176, "Day cos": 0.0017666630714717445, "Year sin": 0.7190201995816647, "Year cos": 0.3765459943015484, "No rain": 0.9638495092693566, "Light rain": 0.032006543075245364, "Moderate/Heavy/Violent rain": 0.004143947655398037}, "std": {"p (mbar)": 10.477665455298451, "T (degC)": 5.138833285693473, "Tdew (degC)": 3.937738325805735, "rh (%)": 16.803118293205554, "VPmax (mbar)": 3.8985861491535765, "VPact (mbar)": 1.816137291213572, "VPdef (mbar)": 3.217888720182822, "sh (g/kg)": 1.1621724542600507, "rho (g/m**3)": 29.920502041599704, "raining (s)": 106.5002962365282, "PAR (\u00b5mol/m\u00b2/s)": 376.5698219869958, "max. PAR (\u00b5mol/m\u00b2/s)": 438.27254846110037, "Tlog (degC)": 5.134111351654686, "CO2 (ppm)": 12.790682571078026, "Wx": 2.3131335719058406, "Wy": 1.8498667240725275, "max Wx": 3.6118228381946484, "max Wy": 3.1504251689453984, "Day sin": 0.7070513552659411, "Day cos": 0.7071971279683406, "Year sin": 0.29797084352379855, "Year cos": 0.502449051740495, "No rain": 0.18666958168137252, "Light rain": 0.1760221965761346, "Moderate/Heavy/Violent rain": 0.06424173394695164}}