{"version": 0, "mean": {"S1-Batt Volt": 13.0416143497759, "S1-PTemp": 29.453054932735427, "S1-Salt": 3.402404708520237, "S1-SpCond": 6.633970478325746, "S1-Temp": 28.677357997010425, "S2-Batt Volt": 12.880917414050714, "S2-PTemp": 35.53838938714473, "S2-Salt": 2.074665545590431, "S2-SPCond": 4.152200485799676, "S2-Temp": 28.64035127055284, "S3-Batt Volt": 12.893191330343633, "S3-PTemp": 35.299086322869464, "S3-Salt": 2.180078475336345, "S2-Wiper sum": 43.33366031390139, "Day sin": 0.002705224442044817, "Day cos": -0.0009182999579652767, "Year sin": 0.7766255480913729, "Year cos": 0.3542394634909869}, "std": {"S1-Batt Volt": 0.20494350722708635, "S1-PTemp": 4.108385855749354, "S1-Salt": 1.7794225781221364, "S1-SpCond": 3.3074394978622452, "S1-Temp": 1.2611440702502756, "S2-Batt Volt": 0.3138846957456271, "S2-PTemp": 3.945400510835618, "S2-Salt": 1.3569090217529651, "S2-SPCond": 2.701372972686119, "S2-Temp": 1.2676666297909074, "S3-Batt Volt": 0.3326984556552508, "S3-PTemp": 3.3097852857902526, "S3-Salt": 1.2111172259417902, "S2-Wiper sum": 2.270847799388029, "Day sin": 0.7071676752167793, "Day cos": 0.7071722541545304, "Year sin": 0.23988882003879064, "Year cos": 0.4624621367554399}}